,Channel1,Channel2,VoltNum,Trails,leftorright,miceStrain,miceNum,elePosition,ledNum,otherTags
0,0.03937248571927678,0.010614131074578788,2.60,1,left,thy1,26,C7,led8,1
1,0.034210823915064636,0.00485542818104486,2.60,2,left,thy1,26,C7,led8,1
2,0.07133588627885616,0.006508523021790801,2.60,3,left,thy1,26,C7,led8,1
3,0.2259460591668591,0.016299208867909067,2.70,1,left,thy1,26,C7,led8,1
4,0.11416585661041158,0.007059164509070755,2.70,2,left,thy1,26,C7,led8,1
5,0.06505434934215851,0.004224464393251842,2.70,3,left,thy1,26,C7,led8,1
6,0.21065914654829396,0.06183711876587336,2.80,1,left,thy1,26,C7,led8,1
7,0.06217278033988192,0.05864081968716852,2.80,2,left,thy1,26,C7,led8,1
8,0.647505800549135,0.0284525686510758,2.80,3,left,thy1,26,C7,led8,1
9,0.11661778440296802,0.10211662353770241,2.90,1,left,thy1,26,C7,led8,1
10,0.23671315533063833,0.10485486269881232,2.90,2,left,thy1,26,C7,led8,1
11,0.06993270143155753,0.09326282448843545,2.90,3,left,thy1,26,C7,led8,1
12,0.07094162778423416,0.17961507726394746,3.00,1,left,thy1,26,C7,led8,1
13,0.12345538691358397,0.18123817881270896,3.00,2,left,thy1,26,C7,led8,1
14,0.059678783722385685,0.17260779870562953,3.00,3,left,thy1,26,C7,led8,1
15,0.26887052623909824,0.20371368386273067,3.10,1,left,thy1,26,C7,led8,1
16,0.046252288349502194,0.20896494743410876,3.10,2,left,thy1,26,C7,led8,1
17,0.3925216519021615,0.1982108563491856,3.10,3,left,thy1,26,C7,led8,1
18,0.13248214364724867,0.2375006740170538,3.20,1,left,thy1,26,C7,led8,1
19,0.1113069079733097,0.2398946063805825,3.20,2,left,thy1,26,C7,led8,1
20,0.10557900432797093,0.22879402089783604,3.20,3,left,thy1,26,C7,led8,1
21,0.1904293401373542,0.2453983093415518,3.30,1,left,thy1,26,C7,led8,1
22,0.20339176436762535,0.2249377761665073,3.30,2,left,thy1,26,C7,led8,1
23,0.20400609987885665,0.21570574198703749,3.30,3,left,thy1,26,C7,led8,1
24,0.08092825119818944,0.011736168229809675,2.60,1,left,thy1,26,C7,led8,2
25,0.07156969465089044,0.005515697339845988,2.60,2,left,thy1,26,C7,led8,2
26,0.06875277244547356,0.006834410448529882,2.60,3,left,thy1,26,C7,led8,2
27,0.07517807103421884,0.00783175391421039,2.70,1,left,thy1,26,C7,led8,2
28,0.057141186802903185,0.011884081725095398,2.70,2,left,thy1,26,C7,led8,2
29,0.060414403255345486,0.008507963505948643,2.70,3,left,thy1,26,C7,led8,2
30,0.07883820601306865,0.07590622545870818,2.80,1,left,thy1,26,C7,led8,2
31,0.08123472311341483,0.08020053691537278,2.80,2,left,thy1,26,C7,led8,2
32,0.05460032683927567,0.07953510928974482,2.80,3,left,thy1,26,C7,led8,2
33,0.08141479374617892,0.15009349587388526,2.90,1,left,thy1,26,C7,led8,2
34,0.07246657544851547,0.14814061028234474,2.90,2,left,thy1,26,C7,led8,2
35,0.06612808209126214,0.14356817671838312,2.90,3,left,thy1,26,C7,led8,2
36,0.0810714266785419,0.24983636071026413,3.00,1,left,thy1,26,C7,led8,2
37,0.08036159593494617,0.26069142016731994,3.00,2,left,thy1,26,C7,led8,2
38,0.08232929659648267,0.24593724827552552,3.00,3,left,thy1,26,C7,led8,2
39,0.08541959068272595,0.28929025710556283,3.10,1,left,thy1,26,C7,led8,2
40,0.07854571074753187,0.289967397944508,3.10,2,left,thy1,26,C7,led8,2
41,0.13878676908771706,0.26558087552998394,3.10,3,left,thy1,26,C7,led8,2
42,0.03773287434544854,0.3361837896327918,3.20,1,left,thy1,26,C7,led8,2
43,0.03994342758645181,0.3220914202124958,3.20,2,left,thy1,26,C7,led8,2
44,0.037762453693638245,0.28220480004277904,3.20,3,left,thy1,26,C7,led8,2
45,0.06426771717957229,0.36710853585558395,3.30,1,left,thy1,26,C7,led8,2
46,0.06967055017668318,0.3931939244479932,3.30,2,left,thy1,26,C7,led8,2
47,0.05968810860457444,0.3205415658119036,3.30,3,left,thy1,26,C7,led8,2
48,0.03565828040776555,0.010623608523787194,2.60,1,left,thy1,26,C7,led8,3
49,0.0450829317148862,0.005732411801286458,2.60,2,left,thy1,26,C7,led8,3
50,0.08077067039711273,0.0089528591974848,2.60,3,left,thy1,26,C7,led8,3
51,0.07800405203481597,0.007963240961650936,2.70,1,left,thy1,26,C7,led8,3
52,0.06061557204579099,0.004296417862472106,2.70,2,left,thy1,26,C7,led8,3
53,0.11189108507632346,0.004776709993311883,2.70,3,left,thy1,26,C7,led8,3
54,0.2209901614578192,0.053558109460699915,2.80,1,left,thy1,26,C7,led8,3
55,0.11328862450480474,0.011083212509650381,2.80,2,left,thy1,26,C7,led8,3
56,0.11898195100289927,0.02965264869040134,2.80,3,left,thy1,26,C7,led8,3
57,0.04869751248247582,0.11382355341795661,2.90,1,left,thy1,26,C7,led8,3
58,0.07921944074875417,0.05758287343795241,2.90,2,left,thy1,26,C7,led8,3
59,0.08823579475852017,0.059361036533495094,2.90,3,left,thy1,26,C7,led8,3
60,0.1919821932326845,0.13807225091748937,3.00,1,left,thy1,26,C7,led8,3
61,0.13394042611484752,0.14018036904012307,3.00,2,left,thy1,26,C7,led8,3
62,0.14024881171642503,0.1537917117837281,3.00,3,left,thy1,26,C7,led8,3
63,0.20681233063125906,0.2684395404572839,3.10,1,left,thy1,26,C7,led8,3
64,0.2196321860797107,0.19263077252133404,3.10,2,left,thy1,26,C7,led8,3
65,0.22425262737121443,0.17633712588275027,3.10,3,left,thy1,26,C7,led8,3
66,0.3175606399637394,0.3021464464587122,3.20,1,left,thy1,26,C7,led8,3
67,0.300786726417581,0.3018608461035301,3.20,2,left,thy1,26,C7,led8,3
68,0.3070729435130943,0.295794627095128,3.20,3,left,thy1,26,C7,led8,3
69,0.3758245923947996,0.31381696324353875,3.30,1,left,thy1,26,C7,led8,3
70,0.37729064192680845,0.31717525739646096,3.30,2,left,thy1,26,C7,led8,3
71,0.37047275641734745,0.32047897271802456,3.30,3,left,thy1,26,C7,led8,3
72,0.13739295825112122,0.00594082698761985,2.60,1,left,thy1,26,C7,led1,2
73,0.13592128803351178,0.005104442155371423,2.60,2,left,thy1,26,C7,led1,2
74,0.1335125361634783,0.005982004609098386,2.60,3,left,thy1,26,C7,led1,2
75,0.1234290490068132,0.34009033303252867,2.70,1,left,thy1,26,C7,led1,2
76,0.12305138217585596,0.3149166603318381,2.70,2,left,thy1,26,C7,led1,2
77,0.09905758554358111,0.289499242331196,2.70,3,left,thy1,26,C7,led1,2
78,0.1889378581282965,0.6210653656764444,2.80,1,left,thy1,26,C7,led1,2
79,0.13334258983516778,0.5250440741497878,2.80,2,left,thy1,26,C7,led1,2
80,0.17043987560015286,0.5130596104218935,2.80,3,left,thy1,26,C7,led1,2
81,0.45107306157340044,0.9830688083381954,2.90,1,left,thy1,26,C7,led1,2
82,0.21021525145083467,0.7441268201111729,2.90,2,left,thy1,26,C7,led1,2
83,0.1581467342563118,0.735855971036058,2.90,3,left,thy1,26,C7,led1,2
84,0.6111220744428534,1.1865189854295928,3.00,1,left,thy1,26,C7,led1,2
85,0.6533505712203403,1.0398317799024945,3.00,2,left,thy1,26,C7,led1,2
86,0.5555435634818794,0.9547998476166537,3.00,3,left,thy1,26,C7,led1,2
87,0.42720227756237206,1.2974725609817053,3.10,1,left,thy1,26,C7,led1,2
88,0.4302955673367721,1.056617446818868,3.10,2,left,thy1,26,C7,led1,2
89,0.4490618798178099,1.0883619638912418,3.10,3,left,thy1,26,C7,led1,2
90,0.6887132923207535,1.3238617075179766,3.20,1,left,thy1,26,C7,led1,2
91,0.6660424693566281,1.2619353275882759,3.20,2,left,thy1,26,C7,led1,2
92,0.6612540334291139,1.2059057871926049,3.20,3,left,thy1,26,C7,led1,2
93,0.8290750710224136,1.4022766500368256,3.30,1,left,thy1,26,C7,led1,2
94,0.46337353740298504,1.2823311906727342,3.30,2,left,thy1,26,C7,led1,2
95,0.4528117860298068,1.2982337955672785,3.30,3,left,thy1,26,C7,led1,2
96,0.04566171002238123,0.00889829423167442,2.60,1,left,thy1,26,C7,led1,3
97,0.04149756459896091,0.006099471704487976,2.60,2,left,thy1,26,C7,led1,3
98,0.022254560459276578,0.00763588450923052,2.60,3,left,thy1,26,C7,led1,3
99,0.2790545662051197,0.2869157708638818,2.70,1,left,thy1,26,C7,led1,3
100,0.30117433366344404,0.26881754683176295,2.70,2,left,thy1,26,C7,led1,3
101,0.23413487520458745,0.27152001345143717,2.70,3,left,thy1,26,C7,led1,3
102,0.36966683114226184,0.4135135299659835,2.80,1,left,thy1,26,C7,led1,3
103,0.41991692452987006,0.3354721731935055,2.80,2,left,thy1,26,C7,led1,3
104,0.30936658239614456,0.3299496563472269,2.80,3,left,thy1,26,C7,led1,3
105,1.2301163710512963,0.5627980844349104,2.90,1,left,thy1,26,C7,led1,3
106,0.5742891813514583,0.4629256283564386,2.90,2,left,thy1,26,C7,led1,3
107,0.4133157236721012,0.4551980657371326,2.90,3,left,thy1,26,C7,led1,3
108,1.4396227249485816,0.6531211166069993,3.00,1,left,thy1,26,C7,led1,3
109,1.1308203893304882,0.5729234733081865,3.00,2,left,thy1,26,C7,led1,3
110,0.9734952520320981,0.5576313385254899,3.00,3,left,thy1,26,C7,led1,3
111,1.7252217383103858,0.7928560030797251,3.10,1,left,thy1,26,C7,led1,3
112,1.2482049202952583,0.5794410411504332,3.10,2,left,thy1,26,C7,led1,3
113,1.3017781027156294,0.5709164303003087,3.10,3,left,thy1,26,C7,led1,3
114,2.5290070881434707,0.8354475489783486,3.20,1,left,thy1,26,C7,led1,3
115,1.6807590889243704,0.6796451913247104,3.20,2,left,thy1,26,C7,led1,3
116,1.5768458964363994,0.6703488001731258,3.20,3,left,thy1,26,C7,led1,3
117,2.845174194421195,0.9092721165635065,3.30,1,left,thy1,26,C7,led1,3
118,1.8426855767681543,0.7644950916336728,3.30,2,left,thy1,26,C7,led1,3
119,1.8169622262367067,0.7739813120870546,3.30,3,left,thy1,26,C7,led1,3
120,0.1345883613860753,0.01872499895643251,2.60,1,left,thy1,26,C7,led3,1
121,0.09033664189377937,0.01987329509636378,2.60,2,left,thy1,26,C7,led3,1
122,0.10671715188590734,0.016248958204155048,2.60,3,left,thy1,26,C7,led3,1
123,0.09836192249198838,0.28061044320516787,2.70,1,left,thy1,26,C7,led3,1
124,0.1413662554821203,0.26430765017202434,2.70,2,left,thy1,26,C7,led3,1
125,0.1216511885658814,0.18811779930313097,2.70,3,left,thy1,26,C7,led3,1
126,0.09884182679809353,0.8371977097512787,2.80,1,left,thy1,26,C7,led3,1
127,0.15013257345175485,0.6119741728874845,2.80,2,left,thy1,26,C7,led3,1
128,0.15055106587152062,0.7574027820976649,2.80,3,left,thy1,26,C7,led3,1
129,0.21871762671037603,1.7283992728909365,2.90,1,left,thy1,26,C7,led3,1
130,0.22758281611344924,1.0596140418797022,2.90,2,left,thy1,26,C7,led3,1
131,0.263758439699898,1.052108170770987,2.90,3,left,thy1,26,C7,led3,1
132,0.4385048085308946,2.102773048598441,3.00,1,left,thy1,26,C7,led3,1
133,0.32742479899019944,1.6563287457242792,3.00,2,left,thy1,26,C7,led3,1
134,0.296462037434776,1.621678291581694,3.00,3,left,thy1,26,C7,led3,1
135,0.44802576211177264,2.4299562887384503,3.10,1,left,thy1,26,C7,led3,1
136,0.6220431769652693,1.6930882475079951,3.10,2,left,thy1,26,C7,led3,1
137,0.36111254471344373,1.8421043896488207,3.10,3,left,thy1,26,C7,led3,1
138,0.73515528556224,2.643151371851333,3.20,1,left,thy1,26,C7,led3,1
139,0.46601859187275485,2.05664780242383,3.20,2,left,thy1,26,C7,led3,1
140,0.3951633289164665,2.016677250029015,3.20,3,left,thy1,26,C7,led3,1
141,0.7317437646291225,2.812871668250205,3.30,1,left,thy1,26,C7,led3,1
142,0.6957908687275329,2.46157191090962,3.30,2,left,thy1,26,C7,led3,1
143,0.6773800245369649,2.352957607850755,3.30,3,left,thy1,26,C7,led3,1
144,0.14512569186175003,0.006084796713330322,2.60,1,left,thy1,26,C7,led3,3
145,0.08831209952969019,0.008431026253213184,2.60,2,left,thy1,26,C7,led3,3
146,0.0742693025950296,0.004663464379486046,2.60,3,left,thy1,26,C7,led3,3
147,0.10291358999217279,0.18016429319267244,2.70,1,left,thy1,26,C7,led3,3
148,0.11643467544033623,0.12216704222758831,2.70,2,left,thy1,26,C7,led3,3
149,0.11471553125026734,0.12277167943507271,2.70,3,left,thy1,26,C7,led3,3
150,0.28279813268861526,0.383972966697191,2.80,1,left,thy1,26,C7,led3,3
151,0.26475954030961435,0.28577915238505336,2.80,2,left,thy1,26,C7,led3,3
152,0.2721616767080419,0.2818380033099133,2.80,3,left,thy1,26,C7,led3,3
153,0.35800403542403286,0.47834280938835416,2.90,1,left,thy1,26,C7,led3,3
154,0.35804083460539166,0.4310885433553556,2.90,2,left,thy1,26,C7,led3,3
155,0.28567888747474735,0.43151164232932365,2.90,3,left,thy1,26,C7,led3,3
156,0.9625477480147645,0.5968155287188572,3.00,1,left,thy1,26,C7,led3,3
157,0.6021892340034425,0.49244850805710255,3.00,2,left,thy1,26,C7,led3,3
158,0.5791416655105128,0.4995722185426331,3.00,3,left,thy1,26,C7,led3,3
159,1.3098556770767829,0.7145471586255912,3.10,1,left,thy1,26,C7,led3,3
160,0.917129421119461,0.5535526853311984,3.10,2,left,thy1,26,C7,led3,3
161,1.0864765606905784,0.5724892188816811,3.10,3,left,thy1,26,C7,led3,3
162,1.5473203193001437,0.7509565881602349,3.20,1,left,thy1,26,C7,led3,3
163,1.1985712429543531,0.607537583468642,3.20,2,left,thy1,26,C7,led3,3
164,1.1933392898845365,0.6017750375677845,3.20,3,left,thy1,26,C7,led3,3
165,1.7049741990771896,0.7361750679848715,3.30,1,left,thy1,26,C7,led3,3
166,1.2729264430607519,0.6493943066479012,3.30,2,left,thy1,26,C7,led3,3
167,1.0953596663323997,0.6460228986259309,3.30,3,left,thy1,26,C7,led3,3
168,0.4608668204009162,0.014919979888773216,2.60,1,left,thy1,26,C7,led1,1
169,0.2727543052282951,0.005442507322758229,2.60,2,left,thy1,26,C7,led1,1
170,0.14472579079303272,0.016962871902890527,2.60,3,left,thy1,26,C7,led1,1
171,0.04749556806013851,0.4571721170473053,2.70,1,left,thy1,26,C7,led1,1
172,0.0547503866806426,0.3858214596723626,2.70,2,left,thy1,26,C7,led1,1
173,0.2863455242202653,0.34861968602914767,2.70,3,left,thy1,26,C7,led1,1
174,0.16094349390418763,1.1879964598406865,2.80,1,left,thy1,26,C7,led1,1
175,0.14414051214104084,0.9498291562578083,2.80,2,left,thy1,26,C7,led1,1
176,0.13261354868900294,0.9596513669649293,2.80,3,left,thy1,26,C7,led1,1
177,0.2512095980924268,1.565613876837693,2.90,1,left,thy1,26,C7,led1,1
178,0.3641538789932881,1.303678103705654,2.90,2,left,thy1,26,C7,led1,1
179,0.27344780812916875,1.3085877089945086,2.90,3,left,thy1,26,C7,led1,1
180,0.783311958986088,2.1333554466363265,3.00,1,left,thy1,26,C7,led1,1
181,0.23457169488926244,1.5184970021344903,3.00,2,left,thy1,26,C7,led1,1
182,0.22829123714293348,1.4637352830925257,3.00,3,left,thy1,26,C7,led1,1
183,0.5689041936323164,2.364665402795169,3.10,1,left,thy1,26,C7,led1,1
184,0.333820026595889,1.5247754458587746,3.10,2,left,thy1,26,C7,led1,1
185,0.2268287364144182,1.6372382532186618,3.10,3,left,thy1,26,C7,led1,1
186,0.7286194379757884,2.632630189201285,3.20,1,left,thy1,26,C7,led1,1
187,0.576647213550201,2.100254048470607,3.20,2,left,thy1,26,C7,led1,1
188,0.7321869156806784,2.1039143251863,3.20,3,left,thy1,26,C7,led1,1
189,0.791708606188285,2.7947361849166783,3.30,1,left,thy1,26,C7,led1,1
190,0.5014417811156661,2.4035859165288116,3.30,2,left,thy1,26,C7,led1,1
191,0.5087533213259227,2.2893600953033784,3.30,3,left,thy1,26,C7,led1,1
192,0.14722711147768822,0.005887438488390228,2.60,1,left,thy1,26,C7,led3,2
193,0.1416484434383948,0.0058217502666791454,2.60,2,left,thy1,26,C7,led3,2
194,0.13961620639554553,0.005562919046709689,2.60,3,left,thy1,26,C7,led3,2
195,0.06723243939257309,0.22664827039284527,2.70,1,left,thy1,26,C7,led3,2
196,0.06680657095980888,0.2155229772046812,2.70,2,left,thy1,26,C7,led3,2
197,0.04901483692263165,0.1040459421217142,2.70,3,left,thy1,26,C7,led3,2
198,0.180909009856057,0.5688180710961591,2.80,1,left,thy1,26,C7,led3,2
199,0.15925843413613577,0.4014054112491822,2.80,2,left,thy1,26,C7,led3,2
200,0.18034608550384387,0.4160883212349139,2.80,3,left,thy1,26,C7,led3,2
201,0.0817419097526543,0.9020135557662048,2.90,1,left,thy1,26,C7,led3,2
202,0.09325601927102684,0.7855501184751592,2.90,2,left,thy1,26,C7,led3,2
203,0.11281624912121666,0.7259053335788644,2.90,3,left,thy1,26,C7,led3,2
204,0.4596707410834614,1.2163163595009459,3.00,1,left,thy1,26,C7,led3,2
205,0.2144995550711667,0.898274321114435,3.00,2,left,thy1,26,C7,led3,2
206,0.22126603128048722,0.9197631923725408,3.00,3,left,thy1,26,C7,led3,2
207,0.4881009146875034,1.3028779865758748,3.10,1,left,thy1,26,C7,led3,2
208,0.2104914845619389,0.9911009356793652,3.10,2,left,thy1,26,C7,led3,2
209,0.508927663961192,1.0586130663031528,3.10,3,left,thy1,26,C7,led3,2
210,0.6704919689623837,1.4400574155851311,3.20,1,left,thy1,26,C7,led3,2
211,0.5345174331102611,1.197417907112306,3.20,2,left,thy1,26,C7,led3,2
212,0.5303602656533251,1.1897711852972164,3.20,3,left,thy1,26,C7,led3,2
213,0.6369928409858522,1.4889732640101274,3.30,1,left,thy1,26,C7,led3,2
214,0.5854896810273391,1.2968059053663312,3.30,2,left,thy1,26,C7,led3,2
215,0.5503005577748885,1.300432198028846,3.30,3,left,thy1,26,C7,led3,2
216,0.0809546098400651,0.018196174734460287,2.60,1,left,thy1,26,C7,led7,2
217,0.07662985571158361,0.013560409218435258,2.60,2,left,thy1,26,C7,led7,2
218,0.07699541408595414,0.010139874885618107,2.60,3,left,thy1,26,C7,led7,2
219,0.1607056700087045,0.11107470240504795,2.70,1,left,thy1,26,C7,led7,2
220,0.07484800123610179,0.09566409142852976,2.70,2,left,thy1,26,C7,led7,2
221,0.0733848075089508,0.09740201573520481,2.70,3,left,thy1,26,C7,led7,2
222,0.06197957074100899,0.27252686133234905,2.80,1,left,thy1,26,C7,led7,2
223,0.06344106179219416,0.2673747943192809,2.80,2,left,thy1,26,C7,led7,2
224,0.032786602178339494,0.24734239208373066,2.80,3,left,thy1,26,C7,led7,2
225,0.07695634199109835,0.4580511644223786,2.90,1,left,thy1,26,C7,led7,2
226,0.06260104054270647,0.4007919643869363,2.90,2,left,thy1,26,C7,led7,2
227,0.054875001325145244,0.38089765568491135,2.90,3,left,thy1,26,C7,led7,2
228,0.08969004336408466,0.6066284403388286,3.00,1,left,thy1,26,C7,led7,2
229,0.09829842614280393,0.5988777724351114,3.00,2,left,thy1,26,C7,led7,2
230,0.08743316456060828,0.5581955705582352,3.00,3,left,thy1,26,C7,led7,2
231,0.16958706245937205,0.7927850362207484,3.10,1,left,thy1,26,C7,led7,2
232,0.16801814361769427,0.6918742971079315,3.10,2,left,thy1,26,C7,led7,2
233,0.16673966447455746,0.6748478239898207,3.10,3,left,thy1,26,C7,led7,2
234,0.4601895012528251,0.9624534761680795,3.20,1,left,thy1,26,C7,led7,2
235,0.14926404810728475,0.8651075319578706,3.20,2,left,thy1,26,C7,led7,2
236,0.15044092126768047,0.8598823701281556,3.20,3,left,thy1,26,C7,led7,2
237,0.5899097685872101,1.141153059591769,3.30,1,left,thy1,26,C7,led7,2
238,0.49745068580817403,1.0180755053645465,3.30,2,left,thy1,26,C7,led7,2
239,0.5533011112308869,1.072806123986575,3.30,3,left,thy1,26,C7,led7,2
240,0.039715336078973366,0.0020115404175534792,2.60,1,left,thy1,26,C7,led5,1
241,0.020973511010085565,0.00371461209973821,2.60,2,left,thy1,26,C7,led5,1
242,0.009776980450636883,0.004740202478094229,2.60,3,left,thy1,26,C7,led5,1
243,0.0966141318170448,0.049791768910593934,2.70,1,left,thy1,26,C7,led5,1
244,0.08989837802747744,0.052066676932631756,2.70,2,left,thy1,26,C7,led5,1
245,0.06265202457235489,0.02853402340467789,2.70,3,left,thy1,26,C7,led5,1
246,0.21454284073838326,0.15168291274964676,2.80,1,left,thy1,26,C7,led5,1
247,0.10015483597680684,0.13639253280699284,2.80,2,left,thy1,26,C7,led5,1
248,0.10990786179557148,0.1436828117959123,2.80,3,left,thy1,26,C7,led5,1
249,0.21349565109234,0.23105392225637944,2.90,1,left,thy1,26,C7,led5,1
250,0.08734262330800727,0.1989517010480473,2.90,2,left,thy1,26,C7,led5,1
251,0.10285761854570143,0.17856521779969137,2.90,3,left,thy1,26,C7,led5,1
252,0.10213468547663418,0.2870831006572872,3.00,1,left,thy1,26,C7,led5,1
253,0.1329458356713562,0.2455711373003974,3.00,2,left,thy1,26,C7,led5,1
254,0.07508482168198376,0.23916319871694358,3.00,3,left,thy1,26,C7,led5,1
255,0.1360022635253923,0.3071088452635481,3.10,1,left,thy1,26,C7,led5,1
256,0.1106299517024942,0.31043439741475565,3.10,2,left,thy1,26,C7,led5,1
257,0.10323314177790005,0.3151328596825964,3.10,3,left,thy1,26,C7,led5,1
258,0.7477846402850268,0.33748283853794914,3.20,1,left,thy1,26,C7,led5,1
259,0.3820049463963158,0.27706298309267585,3.20,2,left,thy1,26,C7,led5,1
260,0.10441121803978191,0.3270565634142545,3.20,3,left,thy1,26,C7,led5,1
261,0.9232104269864871,0.41677463872877096,3.30,1,left,thy1,26,C7,led5,1
262,0.48496829044358014,0.35235558743603895,3.30,2,left,thy1,26,C7,led5,1
263,0.5816909608679842,0.35043094669848146,3.30,3,left,thy1,26,C7,led5,1
264,0.07635268911289615,0.00825500928884061,2.60,1,left,thy1,26,C7,led7,3
265,0.050158474395250875,0.007179599748777038,2.60,2,left,thy1,26,C7,led7,3
266,0.0673158817795079,0.007222939446773878,2.60,3,left,thy1,26,C7,led7,3
267,0.2578088440877289,0.09915690592049652,2.70,1,left,thy1,26,C7,led7,3
268,0.2527554047509554,0.09944939354895488,2.70,2,left,thy1,26,C7,led7,3
269,0.25665191178086055,0.09333226518558516,2.70,3,left,thy1,26,C7,led7,3
270,0.42597390019442555,0.26915718107607933,2.80,1,left,thy1,26,C7,led7,3
271,0.41733288036778826,0.25725458407587304,2.80,2,left,thy1,26,C7,led7,3
272,0.39067560338034263,0.24766373148786885,2.80,3,left,thy1,26,C7,led7,3
273,0.8131773665305927,0.25495801055305156,2.90,1,left,thy1,26,C7,led7,3
274,0.7571592331635506,0.254618153330932,2.90,2,left,thy1,26,C7,led7,3
275,0.7322192439125643,0.25562042598834067,2.90,3,left,thy1,26,C7,led7,3
276,1.1243695394075777,0.3028814341936688,3.00,1,left,thy1,26,C7,led7,3
277,1.0536684559418514,0.278050328321857,3.00,2,left,thy1,26,C7,led7,3
278,1.1221362237603545,0.2931760451643196,3.00,3,left,thy1,26,C7,led7,3
279,1.1713438078223528,0.40469756704259374,3.10,1,left,thy1,26,C7,led7,3
280,1.1356376125369512,0.33538671733965425,3.10,2,left,thy1,26,C7,led7,3
281,1.0802899137573136,0.32732323296738347,3.10,3,left,thy1,26,C7,led7,3
282,1.190032025077355,0.48022803752968857,3.20,1,left,thy1,26,C7,led7,3
283,1.1323040129812667,0.38395449942150045,3.20,2,left,thy1,26,C7,led7,3
284,1.1165871359578459,0.39485553534688783,3.20,3,left,thy1,26,C7,led7,3
285,1.0852352662232332,0.5473151151020412,3.30,1,left,thy1,26,C7,led7,3
286,1.2650288681825843,0.4377356387083589,3.30,2,left,thy1,26,C7,led7,3
287,1.294858048786623,0.457749713907932,3.30,3,left,thy1,26,C7,led7,3
288,0.10778745923112658,0.006846865717451381,2.60,1,left,thy1,26,C7,led7,1
289,0.40605987286497797,0.02799713808797627,2.60,2,left,thy1,26,C7,led7,1
290,0.13953996841066166,0.00537779266910292,2.60,3,left,thy1,26,C7,led7,1
291,0.06986603890969077,0.07002513506083562,2.70,1,left,thy1,26,C7,led7,1
292,0.08389534708051188,0.037844255269654396,2.70,2,left,thy1,26,C7,led7,1
293,0.058153061213350794,0.03766780596768101,2.70,3,left,thy1,26,C7,led7,1
294,0.1678545991060353,0.17962566040990752,2.80,1,left,thy1,26,C7,led7,1
295,0.14982997861682879,0.16859872600482076,2.80,2,left,thy1,26,C7,led7,1
296,0.11523148383725358,0.1659909240170055,2.80,3,left,thy1,26,C7,led7,1
297,0.1526901115592797,0.2843697973447644,2.90,1,left,thy1,26,C7,led7,1
298,0.1286969089957183,0.2316773484793731,2.90,2,left,thy1,26,C7,led7,1
299,0.1383597435628379,0.21981183923301856,2.90,3,left,thy1,26,C7,led7,1
300,0.16630201802137667,0.3347127225412681,3.00,1,left,thy1,26,C7,led7,1
301,0.2739491394185583,0.31039785100555595,3.00,2,left,thy1,26,C7,led7,1
302,0.13885111386985738,0.30218834583835674,3.00,3,left,thy1,26,C7,led7,1
303,0.32702883623442164,0.3750832079658675,3.10,1,left,thy1,26,C7,led7,1
304,0.21234184952868848,0.3207209669683272,3.10,2,left,thy1,26,C7,led7,1
305,0.26424597764494784,0.3507031774990376,3.10,3,left,thy1,26,C7,led7,1
306,0.6180823373466644,0.3810724219143942,3.20,1,left,thy1,26,C7,led7,1
307,0.20010260353546186,0.36519131120689446,3.20,2,left,thy1,26,C7,led7,1
308,0.2650762596053254,0.3552476231913332,3.20,3,left,thy1,26,C7,led7,1
309,0.8075685547180647,0.4667645567679735,3.30,1,left,thy1,26,C7,led7,1
310,0.5863399289795006,0.38827473582943633,3.30,2,left,thy1,26,C7,led7,1
311,0.40644900665600386,0.3859578831212525,3.30,3,left,thy1,26,C7,led7,1
312,0.2037324219050968,0.01041815165829871,2.60,1,left,thy1,26,C7,led5,3
313,0.09171267254603518,0.005534899052706795,2.60,2,left,thy1,26,C7,led5,3
314,0.09578156639132762,0.0054145054404022355,2.60,3,left,thy1,26,C7,led5,3
315,0.06795299619027245,0.06554265054590937,2.70,1,left,thy1,26,C7,led5,3
316,0.06268917883710194,0.06851201791434752,2.70,2,left,thy1,26,C7,led5,3
317,0.1249852264578729,0.06452487389050414,2.70,3,left,thy1,26,C7,led5,3
318,0.3803546683449276,0.19669934271498637,2.80,1,left,thy1,26,C7,led5,3
319,0.34107698777125073,0.14833840112532753,2.80,2,left,thy1,26,C7,led5,3
320,0.3359967550112257,0.1674674842949773,2.80,3,left,thy1,26,C7,led5,3
321,0.5259878814505539,0.29817345168955023,2.90,1,left,thy1,26,C7,led5,3
322,0.5063961571083972,0.27391214274760056,2.90,2,left,thy1,26,C7,led5,3
323,0.48683556713809134,0.2700653926907339,2.90,3,left,thy1,26,C7,led5,3
324,1.1486253125271328,0.28074590884166417,3.00,1,left,thy1,26,C7,led5,3
325,1.0251702139412573,0.24681263190560615,3.00,2,left,thy1,26,C7,led5,3
326,1.099985628269291,0.26410588677122565,3.00,3,left,thy1,26,C7,led5,3
327,1.0940200246132945,0.34011841078999067,3.10,1,left,thy1,26,C7,led5,3
328,1.1649118355882118,0.3150572021428639,3.10,2,left,thy1,26,C7,led5,3
329,1.2005744991411755,0.29930649957114724,3.10,3,left,thy1,26,C7,led5,3
330,1.1136298586666753,0.39831105323841215,3.20,1,left,thy1,26,C7,led5,3
331,1.1185401350415365,0.3185669915402121,3.20,2,left,thy1,26,C7,led5,3
332,1.105056150442346,0.36042300169384617,3.20,3,left,thy1,26,C7,led5,3
333,0.9892130183660659,0.44834238535497356,3.30,1,left,thy1,26,C7,led5,3
334,1.197655517412374,0.3559257212261809,3.30,2,left,thy1,26,C7,led5,3
335,1.1655065281258887,0.3511906065569584,3.30,3,left,thy1,26,C7,led5,3
336,0.0805130779754161,0.008282885759422282,2.60,1,left,thy1,26,C7,led5,2
337,0.07536519617258568,0.011194774614770364,2.60,2,left,thy1,26,C7,led5,2
338,0.07493735057820251,0.00905625898754878,2.60,3,left,thy1,26,C7,led5,2
339,0.06190659093907569,0.0956230551076998,2.70,1,left,thy1,26,C7,led5,2
340,0.058670762112624834,0.08305695050617541,2.70,2,left,thy1,26,C7,led5,2
341,0.0657439501268513,0.07315389790896479,2.70,3,left,thy1,26,C7,led5,2
342,0.04513645940323118,0.29624899435014795,2.80,1,left,thy1,26,C7,led5,2
343,0.061202950532606486,0.20602383768873744,2.80,2,left,thy1,26,C7,led5,2
344,0.02972910678230895,0.2578413340312065,2.80,3,left,thy1,26,C7,led5,2
345,0.0799271792871392,0.4230793018020746,2.90,1,left,thy1,26,C7,led5,2
346,0.07097754486301391,0.32736673270772715,2.90,2,left,thy1,26,C7,led5,2
347,0.06882068393591824,0.34941161239749163,2.90,3,left,thy1,26,C7,led5,2
348,0.11651862858514787,0.5461994989117603,3.00,1,left,thy1,26,C7,led5,2
349,0.11770099514907259,0.5275929558989976,3.00,2,left,thy1,26,C7,led5,2
350,0.09216301937127762,0.5299003494570579,3.00,3,left,thy1,26,C7,led5,2
351,0.1583684605035029,0.7694165239443433,3.10,1,left,thy1,26,C7,led5,2
352,0.07965572910937938,0.6782033592357976,3.10,2,left,thy1,26,C7,led5,2
353,0.0863283276743437,0.6846015160238299,3.10,3,left,thy1,26,C7,led5,2
354,0.5029537480003656,0.9374064379103628,3.20,1,left,thy1,26,C7,led5,2
355,0.15055050089063224,0.7837471867506323,3.20,2,left,thy1,26,C7,led5,2
356,0.17377306392378034,0.7974757286557352,3.20,3,left,thy1,26,C7,led5,2
357,0.5660778917384411,1.2475698269151847,3.30,1,left,thy1,26,C7,led5,2
358,0.5953707267259536,1.215591596191771,3.30,2,left,thy1,26,C7,led5,2
359,0.18445734655314608,1.1027046948499553,3.30,3,left,thy1,26,C7,led5,2
360,0.4339221951270248,0.010739623242224782,2.60,1,left,thy1,26,C7,led2,3
361,0.47654495451486434,0.008653168793310117,2.60,2,left,thy1,26,C7,led2,3
362,0.47690456592341496,0.0052227602839738105,2.60,3,left,thy1,26,C7,led2,3
363,0.47756208710206716,0.006205890720187937,2.70,1,left,thy1,26,C7,led2,3
364,0.5318439282969508,0.007710125945060966,2.70,2,left,thy1,26,C7,led2,3
365,0.5680286226853846,0.006053384071142695,2.70,3,left,thy1,26,C7,led2,3
366,0.4592848508341884,0.014554932441957729,2.80,1,left,thy1,26,C7,led2,3
367,0.48339304608062894,0.014222846359135873,2.80,2,left,thy1,26,C7,led2,3
368,0.46901233306401746,0.01858585025064014,2.80,3,left,thy1,26,C7,led2,3
369,0.35331562959281193,0.02300840433859243,2.90,1,left,thy1,26,C7,led2,3
370,0.35316685474036247,0.026778859310583932,2.90,2,left,thy1,26,C7,led2,3
371,0.3323914934471543,0.02560235760783064,2.90,3,left,thy1,26,C7,led2,3
372,0.44664694950555106,0.13205889123471007,3.00,1,left,thy1,26,C7,led2,3
373,0.4887408404122075,0.1314222101798398,3.00,2,left,thy1,26,C7,led2,3
374,0.4821261879120743,0.1424337405261997,3.00,3,left,thy1,26,C7,led2,3
375,0.5948129249616639,0.21230823130975793,3.10,1,left,thy1,26,C7,led2,3
376,0.5791050577620565,0.19721741217157732,3.10,2,left,thy1,26,C7,led2,3
377,0.5301189327211248,0.20609188368731401,3.10,3,left,thy1,26,C7,led2,3
378,0.7160722121375013,0.3517172141893308,3.20,1,left,thy1,26,C7,led2,3
379,0.6772337580369674,0.23547090698120296,3.20,2,left,thy1,26,C7,led2,3
380,0.6694015719916357,0.23390745823277326,3.20,3,left,thy1,26,C7,led2,3
381,0.8009323221307565,0.3418364755765094,3.30,1,left,thy1,26,C7,led2,3
382,0.8191189185558165,0.34131754702645817,3.30,2,left,thy1,26,C7,led2,3
383,0.8171212786000572,0.3049032454239086,3.30,3,left,thy1,26,C7,led2,3
384,0.09072606621731823,0.03165506878059949,2.60,1,left,thy1,26,C7,led2,2
385,0.16604532258620106,0.040006071625717794,2.60,2,left,thy1,26,C7,led2,2
386,0.23371165044260575,0.04056167923448772,2.60,3,left,thy1,26,C7,led2,2
387,0.2027749440986897,0.05436496641461558,2.70,1,left,thy1,26,C7,led2,2
388,0.21525588696393022,0.05340293373680458,2.70,2,left,thy1,26,C7,led2,2
389,0.1841565821864789,0.03980227933297449,2.70,3,left,thy1,26,C7,led2,2
390,0.39252368823492256,0.05461381023751759,2.80,1,left,thy1,26,C7,led2,2
391,0.3506516151120413,0.05018779737190519,2.80,2,left,thy1,26,C7,led2,2
392,0.3363023995002985,0.04197143950684482,2.80,3,left,thy1,26,C7,led2,2
393,0.47155712977235426,0.08980633160722869,2.90,1,left,thy1,26,C7,led2,2
394,0.47963203372026036,0.06748098042090872,2.90,2,left,thy1,26,C7,led2,2
395,0.4510110101453315,0.06788468963133047,2.90,3,left,thy1,26,C7,led2,2
396,0.3067488745480964,0.20305744530627595,3.00,1,left,thy1,26,C7,led2,2
397,0.26419594407771413,0.18296186188085772,3.00,2,left,thy1,26,C7,led2,2
398,0.24345901159590924,0.20224398956103537,3.00,3,left,thy1,26,C7,led2,2
399,0.23014590687051922,0.3082217039764647,3.10,1,left,thy1,26,C7,led2,2
400,0.33874189131154386,0.2594023964656277,3.10,2,left,thy1,26,C7,led2,2
401,0.2330246177743325,0.216855569778603,3.10,3,left,thy1,26,C7,led2,2
402,0.47896887319820214,0.3926595820269247,3.20,1,left,thy1,26,C7,led2,2
403,0.4875535815802572,0.35320323828054645,3.20,2,left,thy1,26,C7,led2,2
404,0.44361445345046474,0.3318921148633662,3.20,3,left,thy1,26,C7,led2,2
405,0.25629461272186965,0.5134750906256677,3.30,1,left,thy1,26,C7,led2,2
406,0.24290054902657332,0.39789817389463744,3.30,2,left,thy1,26,C7,led2,2
407,0.19836992340288265,0.3793892878489126,3.30,3,left,thy1,26,C7,led2,2
408,0.41639332776236254,0.13140992567667562,2.60,1,left,thy1,26,C7,led2,1
409,0.4858167648120658,0.18055447237320088,2.60,2,left,thy1,26,C7,led2,1
410,0.8702873969450313,0.17912362082539865,2.60,3,left,thy1,26,C7,led2,1
411,0.5982445577137847,0.1656192980570105,2.70,1,left,thy1,26,C7,led2,1
412,0.5834088255432937,0.15993667069874654,2.70,2,left,thy1,26,C7,led2,1
413,0.591518891286103,0.15732656066800524,2.70,3,left,thy1,26,C7,led2,1
414,0.6519347184569763,0.18873179610976443,2.80,1,left,thy1,26,C7,led2,1
415,0.5906416095887691,0.1681537330566677,2.80,2,left,thy1,26,C7,led2,1
416,0.6585134626498819,0.1740905801747092,2.80,3,left,thy1,26,C7,led2,1
417,0.7571925106873603,0.20679938317557667,2.90,1,left,thy1,26,C7,led2,1
418,0.5981188978441168,0.19001426731574161,2.90,2,left,thy1,26,C7,led2,1
419,0.7223997794049198,0.18911695731761918,2.90,3,left,thy1,26,C7,led2,1
420,0.8737697145339178,0.27464279607611924,3.00,1,left,thy1,26,C7,led2,1
421,0.8905066694508884,0.2395433275349037,3.00,2,left,thy1,26,C7,led2,1
422,0.8956322996416514,0.23544038487860472,3.00,3,left,thy1,26,C7,led2,1
423,1.258893951230708,0.38739960719541944,3.10,1,left,thy1,26,C7,led2,1
424,1.2387918381606497,0.35188420913578383,3.10,2,left,thy1,26,C7,led2,1
425,1.0410137424155095,0.3619439783227359,3.10,3,left,thy1,26,C7,led2,1
426,1.0983858090150638,0.6784050220630858,3.20,1,left,thy1,26,C7,led2,1
427,0.9293366412325041,0.597682619656984,3.20,2,left,thy1,26,C7,led2,1
428,0.9773658179939421,0.5987952814297226,3.20,3,left,thy1,26,C7,led2,1
429,1.0261324098869045,0.7463754952188729,3.30,1,left,thy1,26,C7,led2,1
430,0.9252858161480944,0.6892184172018451,3.30,2,left,thy1,26,C7,led2,1
431,0.8671148156556442,0.6609721974299793,3.30,3,left,thy1,26,C7,led2,1
432,0.09975655137363659,0.009093885550601194,2.60,1,left,thy1,26,C7,led4,3
433,0.09355740567667463,0.010111845503630439,2.60,2,left,thy1,26,C7,led4,3
434,0.09601596362888011,0.009451444745880427,2.60,3,left,thy1,26,C7,led4,3
435,0.1956295125007518,0.08391743321716308,2.70,1,left,thy1,26,C7,led4,3
436,0.1469659227146183,0.07520389087438029,2.70,2,left,thy1,26,C7,led4,3
437,0.1311650238031649,0.07779079193297271,2.70,3,left,thy1,26,C7,led4,3
438,0.31087462850442776,0.26479948832219935,2.80,1,left,thy1,26,C7,led4,3
439,0.2499592459929721,0.26083728489421354,2.80,2,left,thy1,26,C7,led4,3
440,0.29020275306589705,0.24216235621131488,2.80,3,left,thy1,26,C7,led4,3
441,0.4805372473640534,0.31400818661341673,2.90,1,left,thy1,26,C7,led4,3
442,0.4600263442879005,0.3129540178802538,2.90,2,left,thy1,26,C7,led4,3
443,0.42046504800040957,0.3025605439565308,2.90,3,left,thy1,26,C7,led4,3
444,0.5550381242777149,0.41589218436569136,3.00,1,left,thy1,26,C7,led4,3
445,0.45044901072285165,0.35179360392270076,3.00,2,left,thy1,26,C7,led4,3
446,0.4046656377371131,0.3235271888811229,3.00,3,left,thy1,26,C7,led4,3
447,0.7931713597528807,0.5349579092603408,3.10,1,left,thy1,26,C7,led4,3
448,0.479043290160355,0.3603595350383101,3.10,2,left,thy1,26,C7,led4,3
449,0.47948198314504187,0.4030144596318349,3.10,3,left,thy1,26,C7,led4,3
450,1.1160278792934444,0.5692586207956437,3.20,1,left,thy1,26,C7,led4,3
451,0.8583374476452877,0.4838954265937312,3.20,2,left,thy1,26,C7,led4,3
452,0.8392574010942779,0.47027991449935647,3.20,3,left,thy1,26,C7,led4,3
453,1.4744793622059318,0.628260416175853,3.30,1,left,thy1,26,C7,led4,3
454,1.0313792015985703,0.5304440451441422,3.30,2,left,thy1,26,C7,led4,3
455,0.9572516692171391,0.5057946765793359,3.30,3,left,thy1,26,C7,led4,3
456,0.3039748885362679,0.022481140963976243,2.60,1,left,thy1,26,C7,led6,1
457,0.3301513012759217,0.011419656261818569,2.60,2,left,thy1,26,C7,led6,1
458,0.26975008455755717,0.01713830230193558,2.60,3,left,thy1,26,C7,led6,1
459,0.4165311272392143,0.04169041089711859,2.70,1,left,thy1,26,C7,led6,1
460,0.3964346132491932,0.02937875683153698,2.70,2,left,thy1,26,C7,led6,1
461,0.36231110215257534,0.031533832502654915,2.70,3,left,thy1,26,C7,led6,1
462,0.6045574365721861,0.15876183189093282,2.80,1,left,thy1,26,C7,led6,1
463,0.40192326054303446,0.12787849926725633,2.80,2,left,thy1,26,C7,led6,1
464,0.4475469358037481,0.12493574614032442,2.80,3,left,thy1,26,C7,led6,1
465,1.2000945968156034,0.26237411553543694,2.90,1,left,thy1,26,C7,led6,1
466,0.6740640335982001,0.24348905120435904,2.90,2,left,thy1,26,C7,led6,1
467,0.7188522043819516,0.20277959090370426,2.90,3,left,thy1,26,C7,led6,1
468,0.5337539155144603,0.48352628685398413,3.00,1,left,thy1,26,C7,led6,1
469,0.9236051158503761,0.40704461139093906,3.00,2,left,thy1,26,C7,led6,1
470,0.9357740345951963,0.3685077775254767,3.00,3,left,thy1,26,C7,led6,1
471,0.9438681585073981,0.6167163943764772,3.10,1,left,thy1,26,C7,led6,1
472,1.0748839024978443,0.5644854169659906,3.10,2,left,thy1,26,C7,led6,1
473,0.8767178880711621,0.5069622096229706,3.10,3,left,thy1,26,C7,led6,1
474,0.8970852584474838,0.7206322509749271,3.20,1,left,thy1,26,C7,led6,1
475,0.8678703457056353,0.6633119436310726,3.20,2,left,thy1,26,C7,led6,1
476,0.8406375976097271,0.6256745827000133,3.20,3,left,thy1,26,C7,led6,1
477,1.1156442417735524,0.8018636535457676,3.30,1,left,thy1,26,C7,led6,1
478,1.1729978734253674,0.7508966310653039,3.30,2,left,thy1,26,C7,led6,1
479,1.0645453351256606,0.7270200647965189,3.30,3,left,thy1,26,C7,led6,1
480,0.05649125208084026,0.004872795026164408,2.60,1,left,thy1,26,C7,led4,2
481,0.056170894250575275,0.004068285393370183,2.60,2,left,thy1,26,C7,led4,2
482,0.13276209712576056,0.004624243920271417,2.60,3,left,thy1,26,C7,led4,2
483,0.13254773838057174,0.19293680215813128,2.70,1,left,thy1,26,C7,led4,2
484,0.1333443907951746,0.1747037247980388,2.70,2,left,thy1,26,C7,led4,2
485,0.09720961608554635,0.16829055256386632,2.70,3,left,thy1,26,C7,led4,2
486,0.1382839515636499,0.4844290063516312,2.80,1,left,thy1,26,C7,led4,2
487,0.13706467328089852,0.40609900793839626,2.80,2,left,thy1,26,C7,led4,2
488,0.14671739810737566,0.41872366746199524,2.80,3,left,thy1,26,C7,led4,2
489,0.20978112298459967,0.657341688314395,2.90,1,left,thy1,26,C7,led4,2
490,0.1478411385587561,0.6291607743062724,2.90,2,left,thy1,26,C7,led4,2
491,0.15377252591757268,0.5729397532414534,2.90,3,left,thy1,26,C7,led4,2
492,0.45468914062730675,0.9362012798736963,3.00,1,left,thy1,26,C7,led4,2
493,0.16829358744521664,0.7186115988046593,3.00,2,left,thy1,26,C7,led4,2
494,0.13902397704403374,0.7058508478112214,3.00,3,left,thy1,26,C7,led4,2
495,0.4506501163430199,1.0854460613441317,3.10,1,left,thy1,26,C7,led4,2
496,0.1878840463705316,0.7398632830774828,3.10,2,left,thy1,26,C7,led4,2
497,0.17302525557266749,0.8278753453887361,3.10,3,left,thy1,26,C7,led4,2
498,0.4711252827560944,1.1444359010365595,3.20,1,left,thy1,26,C7,led4,2
499,0.37292139807522784,0.9923230183348372,3.20,2,left,thy1,26,C7,led4,2
500,0.43423388191869305,0.9969790767129469,3.20,3,left,thy1,26,C7,led4,2
501,0.5268574505565612,1.2224568781727367,3.30,1,left,thy1,26,C7,led4,2
502,0.5290239619365755,1.1120201457950742,3.30,2,left,thy1,26,C7,led4,2
503,0.5381606196605081,1.0842411265835643,3.30,3,left,thy1,26,C7,led4,2
504,0.07583642708228937,0.014308581053447738,2.60,1,left,thy1,26,C7,led6,2
505,0.08330516735345146,0.019843641812852256,2.60,2,left,thy1,26,C7,led6,2
506,0.09909940684940659,0.013718090937964124,2.60,3,left,thy1,26,C7,led6,2
507,0.11727243706620706,0.049100953640741705,2.70,1,left,thy1,26,C7,led6,2
508,0.1248486056736105,0.037829351913298045,2.70,2,left,thy1,26,C7,led6,2
509,0.10780545893739034,0.03655800664170646,2.70,3,left,thy1,26,C7,led6,2
510,0.08121837137407611,0.3321730933554276,2.80,1,left,thy1,26,C7,led6,2
511,0.06787817977518851,0.28777989322847275,2.80,2,left,thy1,26,C7,led6,2
512,0.0756206725818467,0.2796006491612721,2.80,3,left,thy1,26,C7,led6,2
513,0.13584441703235117,0.6595339164957392,2.90,1,left,thy1,26,C7,led6,2
514,0.16446048120883963,0.5906193509398956,2.90,2,left,thy1,26,C7,led6,2
515,0.15053092374573412,0.6011841570923322,2.90,3,left,thy1,26,C7,led6,2
516,0.18915980305468214,1.1439892073378337,3.00,1,left,thy1,26,C7,led6,2
517,0.20868020170426127,1.0124434499120096,3.00,2,left,thy1,26,C7,led6,2
518,0.14581556980250432,1.0136726094807023,3.00,3,left,thy1,26,C7,led6,2
519,0.22823570788024602,1.6397814966417696,3.10,1,left,thy1,26,C7,led6,2
520,0.14345282931919098,1.3084798911685522,3.10,2,left,thy1,26,C7,led6,2
521,0.14489259951779293,1.3159853312202194,3.10,3,left,thy1,26,C7,led6,2
522,0.2357140238051305,1.8002276644475868,3.20,1,left,thy1,26,C7,led6,2
523,0.13856268757802495,1.6890594680588102,3.20,2,left,thy1,26,C7,led6,2
524,0.18222224811121993,1.6743729390184694,3.20,3,left,thy1,26,C7,led6,2
525,0.26556381549711006,2.0110867837285458,3.30,1,left,thy1,26,C7,led6,2
526,0.2762797068978137,1.9027658436177954,3.30,2,left,thy1,26,C7,led6,2
527,0.24060801287503708,1.8527207064612488,3.30,3,left,thy1,26,C7,led6,2
528,1.3844216385020034,0.008254579813110516,2.60,1,left,thy1,26,C7,led6,3
529,1.9288493694552034,0.014763671142244902,2.60,2,left,thy1,26,C7,led6,3
530,2.0738339037392923,0.016187347112066035,2.60,3,left,thy1,26,C7,led6,3
531,2.1739155154791434,0.03948359578836641,2.70,1,left,thy1,26,C7,led6,3
532,2.170000142890862,0.04010580716769371,2.70,2,left,thy1,26,C7,led6,3
533,2.0376413546746357,0.03758849708441219,2.70,3,left,thy1,26,C7,led6,3
534,2.710005932304844,0.22132695209977027,2.80,1,left,thy1,26,C7,led6,3
535,2.5668024275441,0.12802745806089413,2.80,2,left,thy1,26,C7,led6,3
536,2.4138898389424313,0.1299203189567661,2.80,3,left,thy1,26,C7,led6,3
537,2.8496519170181647,0.4596485392085786,2.90,1,left,thy1,26,C7,led6,3
538,2.7108615452333154,0.35632817274777995,2.90,2,left,thy1,26,C7,led6,3
539,2.639550335944699,0.3941854316042606,2.90,3,left,thy1,26,C7,led6,3
540,3.2982969736831875,0.6643309405082974,3.00,1,left,thy1,26,C7,led6,3
541,3.068561925982358,0.6554422172399802,3.00,2,left,thy1,26,C7,led6,3
542,2.9429852592953103,0.6137639690823032,3.00,3,left,thy1,26,C7,led6,3
543,2.9869443556569286,0.7762849486640502,3.10,1,left,thy1,26,C7,led6,3
544,3.052268469271835,0.6596237072050141,3.10,2,left,thy1,26,C7,led6,3
545,2.951300873094533,0.64411457447111,3.10,3,left,thy1,26,C7,led6,3
546,3.1324439052467348,0.8793094046147031,3.20,1,left,thy1,26,C7,led6,3
547,3.1465713545332363,0.8052296517704626,3.20,2,left,thy1,26,C7,led6,3
548,3.1794633890413966,0.8095870912554979,3.20,3,left,thy1,26,C7,led6,3
549,3.11115691900152,1.014830527873529,3.30,1,left,thy1,26,C7,led6,3
550,3.1702814466495033,0.9533455610555469,3.30,2,left,thy1,26,C7,led6,3
551,3.1507425555318807,0.9305812346940523,3.30,3,left,thy1,26,C7,led6,3
552,0.12065838993902733,0.0130341873909752,2.60,1,left,thy1,26,C7,led4,1
553,0.08663909853577954,0.017493198528234895,2.60,2,left,thy1,26,C7,led4,1
554,0.08754850276006355,0.01817540214624617,2.60,3,left,thy1,26,C7,led4,1
555,0.10098164749263495,0.3019261927785838,2.70,1,left,thy1,26,C7,led4,1
556,0.5399410181862362,0.27920524658047513,2.70,2,left,thy1,26,C7,led4,1
557,0.14261740654778113,0.2518796707038172,2.70,3,left,thy1,26,C7,led4,1
558,0.1352075970700323,0.8230170442573258,2.80,1,left,thy1,26,C7,led4,1
559,0.15734037820543942,0.6318401389417723,2.80,2,left,thy1,26,C7,led4,1
560,0.6160289087875049,0.6407573388227347,2.80,3,left,thy1,26,C7,led4,1
561,0.36786168903857797,1.2666976452796033,2.90,1,left,thy1,26,C7,led4,1
562,0.2745005910653364,1.116504097323444,2.90,2,left,thy1,26,C7,led4,1
563,0.2414842501656746,1.035687496880725,2.90,3,left,thy1,26,C7,led4,1
564,0.412818102352412,1.49266322513683,3.00,1,left,thy1,26,C7,led4,1
565,0.7964022182409463,1.3063693910855079,3.00,2,left,thy1,26,C7,led4,1
566,0.3630389680336829,1.2911317250184784,3.00,3,left,thy1,26,C7,led4,1
567,0.5260251706807715,1.7311208123730362,3.10,1,left,thy1,26,C7,led4,1
568,0.44072122983088446,1.3522105982775865,3.10,2,left,thy1,26,C7,led4,1
569,0.34471882427127915,1.4156799718289905,3.10,3,left,thy1,26,C7,led4,1
570,0.6312355970865893,2.072315750938525,3.20,1,left,thy1,26,C7,led4,1
571,0.5392464664103374,1.6690946921689964,3.20,2,left,thy1,26,C7,led4,1
572,0.5041804845015732,1.5603838329965705,3.20,3,left,thy1,26,C7,led4,1
573,0.735428489375884,2.350589007840386,3.30,1,left,thy1,26,C7,led4,1
574,0.8331631387480843,1.789849276357623,3.30,2,left,thy1,26,C7,led4,1
575,0.5625729645043912,1.7830523615504388,3.30,3,left,thy1,26,C7,led4,1
